{
  "mIoU": 0.4630062627324283,
  "mAcc": 0.7688970497399032,
  "class_iou": [
    0.4399647503152937,
    0.6372525630447305,
    0.5149167005479302,
    0.5892499763356818,
    0.4246141296354921,
    0.14899794409830663
  ],
  "confusion_matrix": [
    [
      28788056.0,
      12548729.0,
      16499004.0,
      4084771.0,
      1072669.0,
      98962.0
    ],
    [
      1546218.0,
      30918455.0,
      749909.0,
      837069.0,
      317077.0,
      14258.0
    ],
    [
      497041.0,
      772415.0,
      22528032.0,
      1186625.0,
      92400.0,
      33261.0
    ],
    [
      282751.0,
      774221.0,
      1230726.0,
      12201175.0,
      93404.0,
      14887.0
    ],
    [
      14441.0,
      39596.0,
      161346.0,
      651.0,
      1362743.0,
      37812.0
    ],
    [
      0.0,
      422.0,
      69.0,
      0.0,
      17229.0,
      37976.0
    ]
  ]
}